{
  "results": [
    {
      "command": "/data/tmp/cargo-target/release/deps/eval_fusion_speed-2369efc448b56752",
      "mean": 10.20318765846,
      "stddev": 0.7177251224487131,
      "median": 10.44418600446,
      "user": 5.416561059999999,
      "system": 4.6288874799999995,
      "min": 9.376486786460001,
      "max": 10.94391701446,
      "times": [
        10.44418600446,
        10.741428347460001,
        10.94391701446,
        9.50992013946,
        9.376486786460001
      ],
      "exit_codes": [
        0,
        0,
        0,
        0,
        0
      ]
    }
  ]
}
